-- Soccer Mod SQLite to MariaDB Migration
-- Clear existing data first
DELETE FROM soccer_mod_match_stats;
DELETE FROM soccer_mod_public_stats;
DELETE FROM soccer_mod_positions;
DELETE FROM whois_players;
DELETE FROM soccer_mod_players;

-- Import players
INSERT INTO soccer_mod_players VALUES('STEAM_ID_STOP_IGNORING_RETVALS','Arctic',1770402562,1770237962,0,'192.168.1.156','172.16.24.4',0);
INSERT INTO soccer_mod_players VALUES('[U:1:25555434]','Arctic',1770401113,1770238095,0,'192.168.1.156','172.16.24.3',0);
INSERT INTO soccer_mod_players VALUES('[U:1:816840021]','frenchy',1770344511,1770240182,0,'99.244.235.210','172.16.24.3',0);
INSERT INTO soccer_mod_players VALUES('[U:1:22857087]','seppy',1770265765,1770247380,0,'173.181.30.23','172.16.24.3',0);
INSERT INTO soccer_mod_players VALUES('[U:1:23497458]','insan1ty [NM]',1770339725,1770255915,0,'174.119.34.151','172.16.24.3',0);
INSERT INTO soccer_mod_players VALUES('[U:1:44593068]','Brick',1770265773,1770259726,0,'108.228.20.73','172.16.24.3',0);
INSERT INTO soccer_mod_players VALUES('[U:1:63466729]','Irool',1770339721,1770259916,0,'76.180.141.32','172.16.24.3',0);
INSERT INTO soccer_mod_players VALUES('[U:1:346330808]','▽▲ снхรɘи 1҉',1770345581,1770259917,0,'84.15.223.125','172.16.24.3',0);
INSERT INTO soccer_mod_players VALUES('[U:1:377461677]','Spyware',1770262401,1770260044,0,'99.56.97.25','172.16.24.3',0);
INSERT INTO soccer_mod_players VALUES('[U:1:36322441]','Aud`',1770265763,1770260202,0,'67.169.30.234','172.16.24.3',0);
INSERT INTO soccer_mod_players VALUES('[U:1:1093430]','combined45',1770339873,1770260437,0,'24.224.189.5','172.16.24.3',0);
INSERT INTO soccer_mod_players VALUES('[U:1:12084843]','srus im panda',1770266374,1770261973,0,'184.179.143.68','172.16.24.3',0);
INSERT INTO soccer_mod_players VALUES('[U:1:1024013697]','el siza',1770347515,1770262528,0,'68.198.241.125','172.16.24.3',0);
INSERT INTO soccer_mod_players VALUES('[U:1:55332671]','Michael V',1770339723,1770262879,0,'70.111.162.69','172.16.24.3',0);
INSERT INTO soccer_mod_players VALUES('[U:1:796141708]','ouch!',1770263117,1770263023,0,'73.241.119.159','172.16.24.3',0);
INSERT INTO soccer_mod_players VALUES('[U:1:14593447]','roosta',1770344691,1770263392,0,'96.52.57.248','172.16.24.3',0);
INSERT INTO soccer_mod_players VALUES('[U:1:88239992]','Dimitweee',1770264656,1770264496,0,'74.59.214.79','172.16.24.3',0);
INSERT INTO soccer_mod_players VALUES('[U:1:24543606]','jurik',1770339828,1770265156,0,'50.5.135.6','172.16.24.3',0);
INSERT INTO soccer_mod_players VALUES('[U:1:82766663]','BrLN',1770327110,1770326270,0,'71.179.175.116','172.16.24.3',0);
INSERT INTO soccer_mod_players VALUES('[U:1:30422350]','Nad',1770339911,1770326574,0,'70.178.1.14','172.16.24.3',0);
INSERT INTO soccer_mod_players VALUES('[U:1:30776118]','Face',1770328989,1770327083,0,'75.220.192.125','172.16.24.3',0);
INSERT INTO soccer_mod_players VALUES('[U:1:27732512]','ObiWan #23',1770334317,1770333583,0,'81.205.93.61','172.16.24.3',0);
INSERT INTO soccer_mod_players VALUES('[U:1:1506577368]','Nìk0S˙  术',1770339853,1770336623,0,'185.75.73.93','172.16.24.3',0);
INSERT INTO soccer_mod_players VALUES('[U:1:26894361]','eмpty',1770339824,1770336759,0,'46.110.206.177','172.16.24.3',0);
INSERT INTO soccer_mod_players VALUES('[U:1:38361299]','ill.pespi',1770339731,1770336773,0,'198.52.150.151','172.16.24.3',0);

-- Import match stats
INSERT INTO soccer_mod_match_stats VALUES('STEAM_ID_STOP_IGNORING_RETVALS',0,0,0,0,0,0,0,0,0,0,0,0,0,0);
INSERT INTO soccer_mod_match_stats VALUES('[U:1:25555434]',3,1,0,100,29,45,46,0,13,16,350,6,0,1);
INSERT INTO soccer_mod_match_stats VALUES('[U:1:816840021]',4,3,0,196,40,62,69,0,15,21,459,4,0,2);
INSERT INTO soccer_mod_match_stats VALUES('[U:1:22857087]',0,1,0,86,32,51,38,0,13,10,357,2,0,1);
INSERT INTO soccer_mod_match_stats VALUES('[U:1:23497458]',6,3,0,195,51,73,80,1,17,16,687,7,1,2);
INSERT INTO soccer_mod_match_stats VALUES('[U:1:44593068]',2,0,1,52,24,25,21,0,13,10,228,0,0,1);
INSERT INTO soccer_mod_match_stats VALUES('[U:1:63466729]',0,1,0,95,37,62,54,1,16,17,331,1,0,2);
INSERT INTO soccer_mod_match_stats VALUES('[U:1:346330808]',8,3,0,100,30,22,48,0,20,13,389,1,0,2);
INSERT INTO soccer_mod_match_stats VALUES('[U:1:377461677]',0,0,0,0,0,0,0,0,0,0,0,0,0,0);
INSERT INTO soccer_mod_match_stats VALUES('[U:1:36322441]',0,2,0,58,22,42,32,0,10,13,207,1,0,1);
INSERT INTO soccer_mod_match_stats VALUES('[U:1:1093430]',2,2,0,63,29,26,30,0,17,16,269,1,0,2);
INSERT INTO soccer_mod_match_stats VALUES('[U:1:12084843]',0,1,1,41,27,13,13,0,10,13,148,0,0,1);
INSERT INTO soccer_mod_match_stats VALUES('[U:1:1024013697]',4,5,0,166,42,50,64,2,20,13,662,7,1,2);
INSERT INTO soccer_mod_match_stats VALUES('[U:1:55332671]',4,0,1,88,34,37,39,7,16,17,395,3,0,2);
INSERT INTO soccer_mod_match_stats VALUES('[U:1:796141708]',0,0,0,0,0,0,0,0,0,0,0,0,0,0);
INSERT INTO soccer_mod_match_stats VALUES('[U:1:14593447]',0,0,0,0,0,0,0,0,0,0,0,0,0,0);
INSERT INTO soccer_mod_match_stats VALUES('[U:1:88239992]',0,0,0,0,0,0,0,0,0,0,0,0,0,0);
INSERT INTO soccer_mod_match_stats VALUES('[U:1:24543606]',0,0,0,19,11,15,8,9,7,3,240,1,0,1);
INSERT INTO soccer_mod_match_stats VALUES('[U:1:82766663]',1,0,0,37,2,5,2,0,3,1,103,1,0,0);
INSERT INTO soccer_mod_match_stats VALUES('[U:1:30422350]',1,0,0,107,26,37,30,4,3,9,295,3,0,1);
INSERT INTO soccer_mod_match_stats VALUES('[U:1:30776118]',0,0,0,0,0,0,0,0,2,0,20,0,0,0);
INSERT INTO soccer_mod_match_stats VALUES('[U:1:27732512]',0,0,0,0,0,0,0,0,0,0,0,0,0,0);
INSERT INTO soccer_mod_match_stats VALUES('[U:1:1506577368]',0,1,0,54,22,18,21,0,3,7,127,0,0,1);
INSERT INTO soccer_mod_match_stats VALUES('[U:1:26894361]',0,0,0,42,16,32,22,2,7,3,227,1,0,1);
INSERT INTO soccer_mod_match_stats VALUES('[U:1:38361299]',1,0,0,31,14,17,15,0,3,7,79,0,0,1);

-- Import public stats
INSERT INTO soccer_mod_public_stats VALUES('STEAM_ID_STOP_IGNORING_RETVALS',0,0,0,0,0,0,0,0,0,0,0,0,0);
INSERT INTO soccer_mod_public_stats VALUES('[U:1:25555434]',13,1,2,903,152,16,16,0,19,24,2001,16,0);
INSERT INTO soccer_mod_public_stats VALUES('[U:1:816840021]',19,3,3,1891,187,38,30,0,23,10,3494,18,0);
INSERT INTO soccer_mod_public_stats VALUES('[U:1:22857087]',1,0,0,185,113,4,3,0,3,1,800,1,0);
INSERT INTO soccer_mod_public_stats VALUES('[U:1:23497458]',5,2,0,157,80,10,13,0,10,3,717,1,0);
INSERT INTO soccer_mod_public_stats VALUES('[U:1:44593068]',1,0,0,220,124,6,5,0,5,1,910,1,0);
INSERT INTO soccer_mod_public_stats VALUES('[U:1:63466729]',0,1,0,101,56,3,2,0,4,3,406,0,0);
INSERT INTO soccer_mod_public_stats VALUES('[U:1:346330808]',4,1,0,74,29,14,16,0,11,6,383,4,0);
INSERT INTO soccer_mod_public_stats VALUES('[U:1:377461677]',0,0,0,51,27,0,0,0,0,1,176,0,0);
INSERT INTO soccer_mod_public_stats VALUES('[U:1:36322441]',0,0,0,54,40,1,1,0,1,2,244,0,0);
INSERT INTO soccer_mod_public_stats VALUES('[U:1:1093430]',0,0,0,27,17,1,2,0,3,3,109,0,0);
INSERT INTO soccer_mod_public_stats VALUES('[U:1:12084843]',2,0,0,68,3,33,31,0,5,5,158,3,0);
INSERT INTO soccer_mod_public_stats VALUES('[U:1:1024013697]',2,3,1,1439,134,31,34,0,8,11,2195,5,0);
INSERT INTO soccer_mod_public_stats VALUES('[U:1:55332671]',0,1,0,15,3,2,4,0,6,6,36,0,0);
INSERT INTO soccer_mod_public_stats VALUES('[U:1:796141708]',0,0,0,0,0,0,0,0,0,0,0,0,0);
INSERT INTO soccer_mod_public_stats VALUES('[U:1:14593447]',0,0,0,0,0,0,0,0,0,0,0,0,0);
INSERT INTO soccer_mod_public_stats VALUES('[U:1:88239992]',0,0,0,0,0,0,0,0,0,0,0,0,0);
INSERT INTO soccer_mod_public_stats VALUES('[U:1:24543606]',0,1,0,67,47,1,0,0,6,0,407,2,0);
INSERT INTO soccer_mod_public_stats VALUES('[U:1:82766663]',2,0,1,105,8,1,3,0,2,2,183,2,0);
INSERT INTO soccer_mod_public_stats VALUES('[U:1:30422350]',2,0,0,363,81,10,11,0,6,5,829,2,0);
INSERT INTO soccer_mod_public_stats VALUES('[U:1:30776118]',0,0,0,0,0,0,0,0,1,1,0,0,0);
INSERT INTO soccer_mod_public_stats VALUES('[U:1:27732512]',0,0,0,7,1,0,0,0,0,0,12,0,0);
INSERT INTO soccer_mod_public_stats VALUES('[U:1:1506577368]',0,0,0,110,42,6,6,1,0,3,300,0,0);
INSERT INTO soccer_mod_public_stats VALUES('[U:1:26894361]',0,0,0,37,15,0,0,0,2,0,132,0,0);
INSERT INTO soccer_mod_public_stats VALUES('[U:1:38361299]',0,0,0,12,10,0,0,0,0,2,42,0,0);

-- Import whois (note: steamid format is different in whois table)
INSERT INTO whois_players VALUES('STEAM_0:0:12777717','Arctic','Arctic','arcticgod','192.168.1.156',1770322483,1770402563,18);
INSERT INTO whois_players VALUES('STEAM_0:0:173165404','▽▲ снхรɘи 1҉','▽▲ снхรɘи 1҉',NULL,'84.15.223.125',1770323109,1770343943,7);
INSERT INTO whois_players VALUES('STEAM_0:1:41383331','BrLN','BrLN','balls','71.179.175.116',1770326269,1770326269,1);
INSERT INTO whois_players VALUES('STEAM_0:0:15211175','Nad','Nad',NULL,'70.178.1.14',1770326573,1770337418,3);
INSERT INTO whois_players VALUES('STEAM_0:1:408420010','frenchy','frenchy',NULL,'99.244.235.210',1770326878,1770343943,12);
INSERT INTO whois_players VALUES('STEAM_0:0:15388059','Face','Face',NULL,'75.220.192.125',1770327083,1770327688,2);
INSERT INTO whois_players VALUES('STEAM_0:0:13866256','ObiWan #23','ObiWan #23',NULL,'81.205.93.61',1770333582,1770334162,2);
INSERT INTO whois_players VALUES('STEAM_0:1:512006848','el siza','el siza',NULL,'68.198.241.125',1770335484,1770341828,3);
INSERT INTO whois_players VALUES('STEAM_0:0:12271803','jurik','jurik',NULL,'50.5.135.6',1770335564,1770337417,2);
INSERT INTO whois_players VALUES('STEAM_0:0:546715','combined45','combined45',NULL,'24.224.189.5',1770335907,1770337418,2);
INSERT INTO whois_players VALUES('STEAM_0:1:31733364','Irool','Irool',NULL,'76.180.141.32',1770335908,1770337418,2);
INSERT INTO whois_players VALUES('STEAM_0:0:11748729','insan1ty [NM]','insan1ty [NM]',NULL,'174.119.34.151',1770336136,1770337417,2);
INSERT INTO whois_players VALUES('STEAM_0:1:27666335','Michael V','Michael V',NULL,'70.111.162.69',1770336391,1770337417,2);
INSERT INTO whois_players VALUES('STEAM_0:1:19180649','ill.pespi','ill.pespi',NULL,'198.52.150.151',1770336484,1770337417,2);
INSERT INTO whois_players VALUES('STEAM_0:0:753288684','Nìk0S˙  术','Nìk0S˙  术',NULL,'185.75.73.93',1770336623,1770337418,2);
INSERT INTO whois_players VALUES('STEAM_0:1:13447180','eмpty','eмpty',NULL,'46.110.206.177',1770336758,1770337485,3);
INSERT INTO whois_players VALUES('STEAM_0:1:7296723','roosta','roosta',NULL,'96.52.57.248',1770344598,1770344598,1);
